frame_seq,ts_ms,tick,proto_id,payload_len,header_hex,crc16_hex,frame_len
1,0,0,0,32,11032000,8A48,40
2,100,1,0,32,11032000,ADB1,40
3,200,2,0,32,11032000,3204,40
4,300,3,0,32,11032000,E68B,40
5,400,4,0,32,11032000,6BCB,40
6,500,5,0,32,11032000,9209,40
7,600,6,0,32,11032000,3D0C,40
8,700,7,0,32,11032000,567D,40
9,800,8,0,32,11032000,5CA6,40
10,900,9,0,32,11032000,7480,40
11,1000,10,0,32,11032000,FBF5,40
12,1100,11,0,32,11032000,9C3D,40
13,1300,13,0,32,11032000,2622,40
14,1400,14,0,32,11032000,122E,40
15,1500,15,0,32,11032000,6340,40
16,1600,16,0,32,11032000,B643,40
17,1700,17,0,32,11032000,8DFD,40
18,1800,18,0,32,11032000,4CBC,40
19,2000,20,0,32,11032000,51D3,40
20,2100,21,0,32,11032000,90C7,40
21,2200,22,0,32,11032000,B75C,40
22,2300,23,0,32,11032000,6D75,40
23,2400,24,0,32,11032000,0EC3,40
24,2500,25,0,32,11032000,B39D,40
25,2600,26,0,32,11032000,F806,40
26,2700,27,0,32,11032000,7127,40
27,2800,28,0,32,11032000,9E70,40
28,2900,29,0,32,11032000,F099,40
29,3000,30,0,32,11032000,0D42,40
30,3100,31,0,32,11032000,A8E5,40
31,3200,32,0,32,11032000,7812,40
32,3300,33,0,32,11032000,E0AC,40
33,3400,34,0,32,11032000,34FC,40
34,3700,37,0,32,11032000,47E9,40
35,3800,38,0,32,11032000,B2C0,40
36,3900,39,0,32,11032000,2C41,40
37,4000,40,0,32,11032000,DB1D,40
38,4100,41,0,32,11032000,0A7F,40
39,4200,42,0,32,11032000,7908,40
40,4300,43,0,32,11032000,ACB0,40
41,4400,44,0,32,11032000,6C97,40
42,4500,45,0,32,11032000,4EC7,40
43,4600,46,0,32,11032000,CF4A,40
44,4700,47,0,32,11032000,AF88,40
45,4800,48,0,32,11032000,7EAF,40
46,5000,50,1,32,4c20012000,1638,41
47,5200,52,1,32,4c20012000,0DC3,41
48,5400,54,1,32,4c20012000,437A,41
49,5700,57,1,32,4c20012000,EA64,41
50,5900,59,1,32,4c20012000,4F67,41
51,6100,61,1,32,4c20012000,1918,41
52,6300,63,1,32,4c20012000,5F8B,41
53,6500,65,1,32,4c20012000,703C,41
54,6700,67,1,32,4c20012000,A75A,41
55,6900,69,1,32,4c20012000,571B,41
56,7100,71,1,32,4c20012000,D4FA,41
57,7300,73,1,32,4c20012000,80EB,41
58,7500,75,1,32,4c20012000,6C96,41
59,7700,77,1,32,4c20012000,8B9C,41
60,7900,79,1,32,4c20012000,CF10,41
61,8100,81,1,32,4c20012000,6EF5,41
62,8300,83,1,32,4c20012000,E14F,41
63,8500,85,1,32,4c20012000,8882,41
64,8900,89,1,32,4c20012000,1382,41
65,9200,92,1,32,4c20012000,A870,41
66,9400,94,1,32,4c20012000,BD93,41
67,9600,96,1,32,4c20012000,54A8,41
68,9800,98,1,32,4c20012000,7D73,41
69,10000,100,0,32,11032000,5197,40
70,10100,101,0,32,11032000,2B80,40
71,10200,102,0,32,11032000,26EE,40
72,10300,103,0,32,11032000,7CF1,40
73,10400,104,0,32,11032000,6737,40
74,10500,105,0,32,11032000,A134,40
75,10600,106,0,32,11032000,C077,40
76,10800,108,0,32,11032000,4DE0,40
77,10900,109,0,32,11032000,EBB4,40
78,11000,110,0,32,11032000,EFE0,40
79,11100,111,0,32,11032000,E5FF,40
80,11200,112,0,32,11032000,55F0,40
81,11300,113,0,32,11032000,6DD7,40
82,11600,116,0,32,11032000,4E01,40
83,11700,117,0,32,11032000,54BC,40
84,11800,118,0,32,11032000,BBDE,40
85,11900,119,0,32,11032000,2671,40
86,12100,121,0,32,11032000,5056,40
87,12200,122,0,32,11032000,4EFF,40
88,12300,123,0,32,11032000,8B88,40
89,12400,124,0,32,11032000,7ED5,40
90,12500,125,0,32,11032000,0469,40
91,12600,126,0,32,11032000,A796,40
92,12700,127,0,32,11032000,D2F5,40
93,12800,128,0,32,11032000,AFEB,40
94,12900,129,0,32,11032000,2AC4,40
95,13000,130,0,32,11032000,3819,40
96,13100,131,0,32,11032000,06ED,40
97,13300,133,0,32,11032000,3288,40
98,13400,134,0,32,11032000,CE61,40
99,13500,135,0,32,11032000,EA74,40
100,13600,136,0,32,11032000,5426,40
101,13700,137,0,32,11032000,884A,40
102,13800,138,0,32,11032000,7E8E,40
103,13900,139,0,32,11032000,0527,40
104,14000,140,0,32,11032000,87C1,40
105,14100,141,0,32,11032000,0CBC,40
106,14200,142,0,32,11032000,DDCC,40
107,14300,143,0,32,11032000,CDD0,40
108,14400,144,0,32,11032000,E4D9,40
109,14500,145,0,32,11032000,0FF3,40
110,14700,147,0,32,11032000,F274,40
111,14800,148,0,32,11032000,6C6D,40
112,14900,149,0,32,11032000,CB38,40
113,15000,150,1,32,4c20012000,33BB,41
114,15200,152,1,32,4c20012000,41FD,41
115,15400,154,1,32,4c20012000,FD33,41
116,15600,156,1,32,4c20012000,D54E,41
117,15800,158,1,32,4c20012000,7342,41
118,16000,160,1,32,4c20012000,1842,41
119,16200,162,1,32,4c20012000,A82C,41
120,16500,165,1,32,4c20012000,8780,41
121,16700,167,1,32,4c20012000,087E,41
122,16900,169,1,32,4c20012000,6E00,41
123,17100,171,1,32,4c20012000,2E39,41
124,17300,173,1,32,4c20012000,DE28,41
125,17500,175,1,32,4c20012000,83AA,41
126,17700,177,1,32,4c20012000,AE11,41
127,17900,179,1,32,4c20012000,E2FE,41
128,18100,181,1,32,4c20012000,E2F1,41
129,18300,183,1,32,4c20012000,46FB,41
130,18600,186,1,32,4c20012000,E01F,41
131,18800,188,1,32,4c20012000,D66D,41
132,19000,190,1,32,4c20012000,A370,41
133,19200,192,1,32,4c20012000,8D7C,41
134,19400,194,1,32,4c20012000,3225,41
135,19600,196,1,32,4c20012000,3AEF,41
136,19800,198,1,32,4c20012000,EF40,41
137,20000,200,0,32,11032000,5B27,40
138,20100,201,0,32,11032000,B1D0,40
139,20200,202,0,32,11032000,DE99,40
140,20300,203,0,32,11032000,C1CF,40
141,20400,204,0,32,11032000,D5CE,40
142,20500,205,0,32,11032000,063F,40
143,20600,206,0,32,11032000,E717,40
144,20700,207,0,32,11032000,9487,40
145,20900,209,0,32,11032000,1C59,40
146,21000,210,0,32,11032000,0257,40
147,21100,211,0,32,11032000,3EF5,40
148,21200,212,0,32,11032000,5E43,40
149,21300,213,0,32,11032000,8D92,40
150,21400,214,0,32,11032000,DC20,40
151,21500,215,0,32,11032000,B8D4,40
152,21600,216,0,32,11032000,5EB9,40
153,21700,217,0,32,11032000,05F7,40
154,21800,218,0,32,11032000,2650,40
155,21900,219,0,32,11032000,B240,40
156,22000,220,0,32,11032000,3F9A,40
157,22100,221,0,32,11032000,B51D,40
158,22200,222,0,32,11032000,C220,40
159,22300,223,0,32,11032000,DDD5,40
160,22400,224,0,32,11032000,EADA,40
161,22500,225,0,32,11032000,FA53,40
162,22700,227,0,32,11032000,F84E,40
163,22800,228,0,32,11032000,C0E6,40
164,22900,229,0,32,11032000,2BFD,40
165,23000,230,0,32,11032000,3C02,40
166,23100,231,0,32,11032000,030B,40
167,23200,232,0,32,11032000,672E,40
168,23300,233,0,32,11032000,2E6A,40
169,23400,234,0,32,11032000,A1F4,40
170,23500,235,0,32,11032000,8081,40
171,23600,236,0,32,11032000,E5DB,40
172,23700,237,0,32,11032000,720D,40
173,23800,238,0,32,11032000,667F,40
174,24000,240,0,32,11032000,E4E1,40
175,24100,241,0,32,11032000,B8B7,40
176,24200,242,0,32,11032000,AB55,40
177,24300,243,0,32,11032000,D4A3,40
178,24400,244,0,32,11032000,916A,40
179,24500,245,0,32,11032000,4463,40
180,24600,246,0,32,11032000,C716,40
181,24700,247,0,32,11032000,6809,40
182,24800,248,0,32,11032000,A929,40
183,24900,249,0,32,11032000,E929,40
184,25000,250,1,32,4c20012000,6224,41
185,25300,253,1,32,4c20012000,341C,41
186,25500,255,1,32,4c20012000,EEF8,41
187,25700,257,1,32,4c20012000,EEC9,41
188,25900,259,1,32,4c20012000,3BCE,41
189,26100,261,1,32,4c20012000,D02D,41
190,26300,263,1,32,4c20012000,FFAA,41
191,26500,265,1,32,4c20012000,3798,41
192,26700,267,1,32,4c20012000,8B32,41
193,26900,269,1,32,4c20012000,F3D9,41
194,27100,271,1,32,4c20012000,1232,41
195,27300,273,1,32,4c20012000,3C11,41
196,27600,276,1,32,4c20012000,5EFD,41
197,27800,278,1,32,4c20012000,45BB,41
198,28000,280,1,32,4c20012000,F8B4,41
199,28200,282,1,32,4c20012000,4197,41
200,28400,284,1,32,4c20012000,FDFF,41
201,28600,286,1,32,4c20012000,0169,41
202,28800,288,1,32,4c20012000,B0DD,41
203,29000,290,1,32,4c20012000,B455,41
204,29200,292,1,32,4c20012000,16CB,41
205,29400,294,1,32,4c20012000,A9A7,41
206,29600,296,1,32,4c20012000,6B04,41
207,29800,298,1,32,4c20012000,3DFB,41
208,30000,300,0,32,11032000,B8ED,40
209,30100,301,0,32,11032000,B9F7,40
210,30200,302,0,32,11032000,BCD0,40
211,30300,303,0,32,11032000,B669,40
212,30400,304,0,32,11032000,571A,40
213,30500,305,0,32,11032000,0D42,40
214,30600,306,0,32,11032000,097F,40
215,30700,307,0,32,11032000,F119,40
216,30800,308,0,32,11032000,E4C1,40
217,30900,309,0,32,11032000,5480,40
218,31000,310,0,32,11032000,73EB,40
219,31100,311,0,32,11032000,2202,40
220,31200,312,0,32,11032000,15E0,40
221,31300,313,0,32,11032000,0D2E,40
222,31400,314,0,32,11032000,4C05,40
223,31500,315,0,32,11032000,266E,40
224,31600,316,0,32,11032000,8572,40
225,31700,317,0,32,11032000,0954,40
226,31800,318,0,32,11032000,0644,40
227,31900,319,0,32,11032000,1556,40
228,32000,320,0,32,11032000,4266,40
229,32100,321,0,32,11032000,E2E2,40
230,32200,322,0,32,11032000,6640,40
231,32300,323,0,32,11032000,9151,40
232,32400,324,0,32,11032000,D39C,40
233,32500,325,0,32,11032000,EE46,40
234,32600,326,0,32,11032000,5EBE,40
235,32700,327,0,32,11032000,C902,40
236,32800,328,0,32,11032000,7535,40
237,32900,329,0,32,11032000,6DF2,40
238,33000,330,0,32,11032000,E3A2,40
239,33100,331,0,32,11032000,66EE,40
240,33200,332,0,32,11032000,4FF8,40
241,33300,333,0,32,11032000,D95A,40
242,33400,334,0,32,11032000,4039,40
243,33500,335,0,32,11032000,693D,40
244,33600,336,0,32,11032000,10B0,40
245,33700,337,0,32,11032000,1E27,40
246,33800,338,0,32,11032000,FB17,40
247,33900,339,0,32,11032000,CBB5,40
248,34000,340,0,32,11032000,C20C,40
249,34200,342,0,32,11032000,1820,40
250,34300,343,0,32,11032000,2C24,40
251,34400,344,0,32,11032000,8481,40
252,34500,345,0,32,11032000,57CA,40
253,34600,346,0,32,11032000,98E9,40
254,34700,347,0,32,11032000,4541,40
255,34800,348,0,32,11032000,4D24,40
256,34900,349,0,32,11032000,0887,40
257,35000,350,1,32,4c20012000,895B,41
258,35200,352,1,32,4c20012000,A11C,41
259,35400,354,1,32,4c20012000,6D5E,41
260,35600,356,1,32,4c20012000,7B80,41
261,35800,358,1,32,4c20012000,DD65,41
262,36000,360,1,32,4c20012000,97D5,41
263,36200,362,1,32,4c20012000,F373,41
264,36400,364,1,32,4c20012000,61D6,41
265,36600,366,1,32,4c20012000,ED5B,41
266,36800,368,1,32,4c20012000,FBB6,41
267,37000,370,1,32,4c20012000,8087,41
268,37200,372,1,32,4c20012000,E0A1,41
269,37400,374,1,32,4c20012000,D17E,41
270,37600,376,1,32,4c20012000,7612,41
271,37800,378,1,32,4c20012000,CFB2,41
272,38000,380,1,32,4c20012000,765C,41
273,38200,382,1,32,4c20012000,575D,41
274,38500,385,1,32,4c20012000,0D59,41
275,38700,387,1,32,4c20012000,77F9,41
276,38900,389,1,32,4c20012000,A3DB,41
277,39100,391,1,32,4c20012000,C360,41
278,39300,393,1,32,4c20012000,D2C5,41
279,39600,396,1,32,4c20012000,A0A3,41
280,39800,398,1,32,4c20012000,996C,41
281,40100,401,0,32,11032000,5B97,40
282,40200,402,0,32,11032000,E631,40
283,40300,403,0,32,11032000,B54B,40
284,40400,404,0,32,11032000,09D3,40
285,40500,405,0,32,11032000,44C3,40
286,40600,406,0,32,11032000,E677,40
287,40700,407,0,32,11032000,B440,40
288,40800,408,0,32,11032000,DD76,40
289,40900,409,0,32,11032000,C57C,40
290,41000,410,0,32,11032000,AD9D,40
291,41100,411,0,32,11032000,AF88,40
292,41200,412,0,32,11032000,A030,40
293,41300,413,0,32,11032000,0B90,40
294,41400,414,0,32,11032000,2717,40
295,41500,415,0,32,11032000,C8CC,40
296,41600,416,0,32,11032000,B9E4,40
297,41700,417,0,32,11032000,F57E,40
298,41800,418,0,32,11032000,3E5B,40
299,41900,419,0,32,11032000,D678,40
300,42000,420,0,32,11032000,291B,40
301,42100,421,0,32,11032000,235E,40
302,42200,422,0,32,11032000,34AB,40
303,42300,423,0,32,11032000,825F,40
304,42400,424,0,32,11032000,BD67,40
305,42500,425,0,32,11032000,04C6,40
306,42600,426,0,32,11032000,776E,40
307,42700,427,0,32,11032000,FBD5,40
308,42800,428,0,32,11032000,1CB6,40
309,42900,429,0,32,11032000,CEBB,40
310,43000,430,0,32,11032000,A33C,40
311,43100,431,0,32,11032000,C1B6,40
312,43200,432,0,32,11032000,7B35,40
313,43300,433,0,32,11032000,0563,40
314,43400,434,0,32,11032000,D2F7,40
315,43500,435,0,32,11032000,C22C,40
316,43600,436,0,32,11032000,F188,40
317,43700,437,0,32,11032000,53EF,40
318,43800,438,0,32,11032000,3393,40
319,43900,439,0,32,11032000,BBA3,40
320,44000,440,0,32,11032000,6236,40
321,44100,441,0,32,11032000,AD3B,40
322,44200,442,0,32,11032000,F288,40
323,44300,443,0,32,11032000,7217,40
324,44400,444,0,32,11032000,DA94,40
325,44500,445,0,32,11032000,1675,40
326,44600,446,0,32,11032000,608D,40
327,44800,448,0,32,11032000,9C8D,40
328,44900,449,0,32,11032000,9593,40
329,45000,450,1,32,4c20012000,605F,41
330,45400,454,1,32,4c20012000,3077,41
331,45700,457,1,32,4c20012000,FB51,41
332,45900,459,1,32,4c20012000,304F,41
333,46100,461,1,32,4c20012000,08BA,41
334,46300,463,1,32,4c20012000,2223,41
335,46500,465,1,32,4c20012000,5E28,41
336,46700,467,1,32,4c20012000,B5CD,41
337,46900,469,1,32,4c20012000,6466,41
338,47100,471,1,32,4c20012000,AAD5,41
339,47300,473,1,32,4c20012000,FCFC,41
340,47500,475,1,32,4c20012000,FE83,41
341,47700,477,1,32,4c20012000,1215,41
342,47900,479,1,32,4c20012000,A81E,41
343,48100,481,1,32,4c20012000,B5D4,41
344,48300,483,1,32,4c20012000,0122,41
345,48500,485,1,32,4c20012000,FB3F,41
346,48700,487,1,32,4c20012000,08D9,41
347,48900,489,1,32,4c20012000,2707,41
348,49100,491,1,32,4c20012000,566D,41
349,49300,493,1,32,4c20012000,9EE0,41
350,49600,496,1,32,4c20012000,8B5C,41
351,49800,498,1,32,4c20012000,D122,41
352,50000,500,0,32,11032000,15A0,40
353,50100,501,0,32,11032000,B291,40
354,50200,502,0,32,11032000,3C08,40
355,50300,503,0,32,11032000,AA93,40
356,50400,504,0,32,11032000,7F7B,40
357,50500,505,0,32,11032000,29D4,40
358,50600,506,0,32,11032000,C5AE,40
359,50700,507,0,32,11032000,FEE9,40
360,50800,508,0,32,11032000,C60E,40
361,50900,509,0,32,11032000,81FB,40
362,51000,510,0,32,11032000,E433,40
363,51100,511,0,32,11032000,A81A,40
364,51200,512,0,32,11032000,CE72,40
365,51300,513,0,32,11032000,9376,40
366,51400,514,0,32,11032000,A1D5,40
367,51500,515,0,32,11032000,1A29,40
368,51600,516,0,32,11032000,4D87,40
369,51700,517,0,32,11032000,2543,40
370,51800,518,0,32,11032000,D27D,40
371,51900,519,0,32,11032000,B258,40
372,52100,521,0,32,11032000,F0A4,40
373,52200,522,0,32,11032000,F18F,40
374,52300,523,0,32,11032000,2DEB,40
375,52400,524,0,32,11032000,3834,40
376,52500,525,0,32,11032000,EA4C,40
377,52600,526,0,32,11032000,4C3F,40
378,52700,527,0,32,11032000,74D2,40
379,52800,528,0,32,11032000,BF1D,40
380,52900,529,0,32,11032000,CAE0,40
381,53000,530,0,32,11032000,0E29,40
382,53100,531,0,32,11032000,C491,40
383,53200,532,0,32,11032000,EC58,40
384,53300,533,0,32,11032000,3ADA,40
385,53400,534,0,32,11032000,AC15,40
386,53500,535,0,32,11032000,3438,40
387,53600,536,0,32,11032000,85AF,40
388,53700,537,0,32,11032000,8CEE,40
389,53800,538,0,32,11032000,8300,40
390,53900,539,0,32,11032000,591A,40
391,54000,540,0,32,11032000,79D2,40
392,54100,541,0,32,11032000,1073,40
393,54200,542,0,32,11032000,40D8,40
394,54400,544,0,32,11032000,953C,40
395,54500,545,0,32,11032000,62B6,40
396,54600,546,0,32,11032000,1973,40
397,54800,548,0,32,11032000,00D8,40
398,54900,549,0,32,11032000,2078,40
399,55000,550,1,32,4c20012000,D777,41
400,55200,552,1,32,4c20012000,4BB7,41
401,55400,554,1,32,4c20012000,76DF,41
402,55700,557,1,32,4c20012000,2081,41
403,55900,559,1,32,4c20012000,4A02,41
404,56100,561,1,32,4c20012000,8E6C,41
405,56300,563,1,32,4c20012000,E992,41
406,56500,565,1,32,4c20012000,25DF,41
407,56700,567,1,32,4c20012000,C9D3,41
408,56900,569,1,32,4c20012000,74D7,41
409,57100,571,1,32,4c20012000,DBF0,41
410,57400,574,1,32,4c20012000,A954,41
411,57600,576,1,32,4c20012000,A98D,41
412,57800,578,1,32,4c20012000,A54F,41
413,58000,580,1,32,4c20012000,8C67,41
414,58200,582,1,32,4c20012000,D9DC,41
415,58400,584,1,32,4c20012000,DCF6,41
416,58600,586,1,32,4c20012000,D6D2,41
417,58900,589,1,32,4c20012000,67F6,41
418,59100,591,1,32,4c20012000,6755,41
419,59300,593,1,32,4c20012000,4264,41
420,59600,596,1,32,4c20012000,89D1,41
421,59900,599,1,32,4c20012000,A2C6,41
422,60100,601,0,32,11032000,9374,40
423,60200,602,0,32,11032000,BE96,40
424,60300,603,0,32,11032000,2EEC,40
425,60400,604,0,32,11032000,D96F,40
426,60500,605,0,32,11032000,E53E,40
427,60600,606,0,32,11032000,99E2,40
428,60700,607,0,32,11032000,D81D,40
429,60900,609,0,32,11032000,9246,40
430,61000,610,0,32,11032000,2CEA,40
431,61200,612,0,32,11032000,B738,40
432,61300,613,0,32,11032000,D494,40
433,61400,614,0,32,11032000,F2C0,40
434,61500,615,0,32,11032000,06E0,40
435,61700,617,0,32,11032000,99AF,40
436,61800,618,0,32,11032000,84BB,40
437,61900,619,0,32,11032000,D9B3,40
438,62000,620,0,32,11032000,76D6,40
439,62100,621,0,32,11032000,115E,40
440,62200,622,0,32,11032000,DE3B,40
441,62300,623,0,32,11032000,EC97,40
442,62400,624,0,32,11032000,152F,40
443,62500,625,0,32,11032000,89CD,40
444,62600,626,0,32,11032000,DA6C,40
445,62800,628,0,32,11032000,781A,40
446,62900,629,0,32,11032000,F470,40
447,63000,630,0,32,11032000,6066,40
448,63100,631,0,32,11032000,91AA,40
449,63300,633,0,32,11032000,E3DF,40
450,63400,634,0,32,11032000,6055,40
451,63500,635,0,32,11032000,0C59,40
452,63600,636,0,32,11032000,B6D2,40
453,63700,637,0,32,11032000,94BA,40
454,63900,639,0,32,11032000,52D5,40
455,64000,640,0,32,11032000,EDD3,40
456,64100,641,0,32,11032000,AF5F,40
457,64400,644,0,32,11032000,0D81,40
458,64500,645,0,32,11032000,4FA3,40
459,64600,646,0,32,11032000,11AB,40
460,64700,647,0,32,11032000,AA93,40
461,64800,648,0,32,11032000,0998,40
462,64900,649,0,32,11032000,0E68,40
463,65000,650,1,32,4c20012000,2B1E,41
464,65200,652,1,32,4c20012000,A54E,41
465,65400,654,1,32,4c20012000,9342,41
466,65600,656,1,32,4c20012000,5624,41
467,65800,658,1,32,4c20012000,7829,41
468,66000,660,1,32,4c20012000,3608,41
469,66200,662,1,32,4c20012000,46BD,41
470,66400,664,1,32,4c20012000,3A4A,41
471,66600,666,1,32,4c20012000,AC5E,41
472,66800,668,1,32,4c20012000,6680,41
473,67000,670,1,32,4c20012000,EA48,41
474,67200,672,1,32,4c20012000,1983,41
475,67400,674,1,32,4c20012000,CD81,41
476,67600,676,1,32,4c20012000,BFF7,41
477,67800,678,1,32,4c20012000,14CE,41
478,68000,680,1,32,4c20012000,A96C,41
479,68200,682,1,32,4c20012000,23AB,41
480,68400,684,1,32,4c20012000,FCDA,41
481,68600,686,1,32,4c20012000,1E27,41
482,68800,688,1,32,4c20012000,7F55,41
483,69000,690,1,32,4c20012000,EA00,41
484,69200,692,1,32,4c20012000,39C4,41
485,69600,696,1,32,4c20012000,474F,41
486,69900,699,1,32,4c20012000,EE92,41
487,70100,701,0,32,11032000,32BD,40
488,70200,702,0,32,11032000,9F41,40
489,70400,704,0,32,11032000,CAE7,40
490,70500,705,0,32,11032000,DDF1,40
491,70600,706,0,32,11032000,1E82,40
492,70700,707,0,32,11032000,F16A,40
493,70800,708,0,32,11032000,839A,40
494,70900,709,0,32,11032000,2A2B,40
495,71000,710,0,32,11032000,BFE9,40
496,71100,711,0,32,11032000,FC42,40
497,71200,712,0,32,11032000,09E8,40
498,71300,713,0,32,11032000,0920,40
499,71400,714,0,32,11032000,7245,40
500,71500,715,0,32,11032000,361D,40
501,71600,716,0,32,11032000,69DD,40
502,71700,717,0,32,11032000,7EB2,40
503,71800,718,0,32,11032000,9BFB,40
504,71900,719,0,32,11032000,9810,40
505,72000,720,0,32,11032000,9141,40
506,72200,722,0,32,11032000,9914,40
507,72300,723,0,32,11032000,E78D,40
508,72400,724,0,32,11032000,64E8,40
509,72600,726,0,32,11032000,F390,40
510,72700,727,0,32,11032000,061A,40
511,72800,728,0,32,11032000,B37C,40
512,72900,729,0,32,11032000,3494,40
513,73000,730,0,32,11032000,426E,40
514,73100,731,0,32,11032000,4979,40
515,73200,732,0,32,11032000,65B4,40
516,73300,733,0,32,11032000,26DA,40
517,73400,734,0,32,11032000,36AF,40
518,73500,735,0,32,11032000,BFA0,40
519,73600,736,0,32,11032000,263F,40
520,73700,737,0,32,11032000,D915,40
521,73800,738,0,32,11032000,AA19,40
522,73900,739,0,32,11032000,9804,40
523,74000,740,0,32,11032000,614E,40
524,74100,741,0,32,11032000,DDEF,40
525,74200,742,0,32,11032000,537C,40
526,74300,743,0,32,11032000,527A,40
527,74400,744,0,32,11032000,DFC7,40
528,74500,745,0,32,11032000,9A4B,40
529,74600,746,0,32,11032000,8509,40
530,74700,747,0,32,11032000,5D13,40
531,74800,748,0,32,11032000,2198,40
532,74900,749,0,32,11032000,CD23,40
533,75000,750,1,32,4c20012000,2B45,41
534,75200,752,1,32,4c20012000,61B2,41
535,75400,754,1,32,4c20012000,8FAC,41
536,75600,756,1,32,4c20012000,00A5,41
537,75800,758,1,32,4c20012000,CEEB,41
538,76100,761,1,32,4c20012000,9904,41
539,76300,763,1,32,4c20012000,31FE,41
540,76500,765,1,32,4c20012000,27B9,41
541,76700,767,1,32,4c20012000,C61D,41
542,77000,770,1,32,4c20012000,B095,41
543,77200,772,1,32,4c20012000,CD80,41
544,77500,775,1,32,4c20012000,17A1,41
545,77700,777,1,32,4c20012000,BE47,41
546,77900,779,1,32,4c20012000,87E1,41
547,78100,781,1,32,4c20012000,09CC,41
548,78300,783,1,32,4c20012000,5D83,41
549,78500,785,1,32,4c20012000,E5FD,41
550,78700,787,1,32,4c20012000,0EF4,41
551,79000,790,1,32,4c20012000,E1A7,41
552,79200,792,1,32,4c20012000,0CAE,41
553,79400,794,1,32,4c20012000,BB27,41
554,79600,796,1,32,4c20012000,EBB5,41
555,79800,798,1,32,4c20012000,535B,41
556,80000,800,0,32,11032000,B9C8,40
557,80100,801,0,32,11032000,970F,40
558,80300,803,0,32,11032000,B2CF,40
559,80400,804,0,32,11032000,9234,40
560,80500,805,0,32,11032000,F1F9,40
561,80600,806,0,32,11032000,4B2D,40
562,80800,808,0,32,11032000,7554,40
563,80900,809,0,32,11032000,B0FE,40
564,81000,810,0,32,11032000,C525,40
565,81100,811,0,32,11032000,8FE8,40
566,81200,812,0,32,11032000,C121,40
567,81300,813,0,32,11032000,1F7A,40
568,81400,814,0,32,11032000,33BD,40
569,81500,815,0,32,11032000,C292,40
570,81600,816,0,32,11032000,CEBD,40
571,81700,817,0,32,11032000,E1A6,40
572,81900,819,0,32,11032000,B70D,40
573,82000,820,0,32,11032000,EB8E,40
574,82200,822,0,32,11032000,1D18,40
575,82300,823,0,32,11032000,A35D,40
576,82400,824,0,32,11032000,4D77,40
577,82500,825,0,32,11032000,CEF0,40
578,82600,826,0,32,11032000,D58B,40
579,82700,827,0,32,11032000,2124,40
580,82900,829,0,32,11032000,09EE,40
581,83000,830,0,32,11032000,4EA2,40
582,83100,831,0,32,11032000,8F6A,40
583,83200,832,0,32,11032000,D5C1,40
584,83300,833,0,32,11032000,2790,40
585,83400,834,0,32,11032000,E5DA,40
586,83500,835,0,32,11032000,3301,40
587,83600,836,0,32,11032000,D6FF,40
588,83700,837,0,32,11032000,5232,40
589,83800,838,0,32,11032000,C057,40
590,83900,839,0,32,11032000,CC8D,40
591,84000,840,0,32,11032000,137B,40
592,84100,841,0,32,11032000,D017,40
593,84200,842,0,32,11032000,D2C4,40
594,84300,843,0,32,11032000,2736,40
595,84400,844,0,32,11032000,CC27,40
596,84500,845,0,32,11032000,D62E,40
597,84600,846,0,32,11032000,F2A2,40
598,84800,848,0,32,11032000,F8C6,40
599,84900,849,0,32,11032000,AA13,40
600,85000,850,1,32,4c20012000,86A9,41
601,85200,852,1,32,4c20012000,8D11,41
602,85400,854,1,32,4c20012000,9176,41
603,85600,856,1,32,4c20012000,9D7C,41
604,85800,858,1,32,4c20012000,4B6B,41
605,86000,860,1,32,4c20012000,B37C,41
606,86200,862,1,32,4c20012000,DF46,41
607,86400,864,1,32,4c20012000,3EA7,41
608,86600,866,1,32,4c20012000,3688,41
609,86800,868,1,32,4c20012000,7D3F,41
610,87000,870,1,32,4c20012000,E6CC,41
611,87200,872,1,32,4c20012000,20D0,41
612,87400,874,1,32,4c20012000,3F99,41
613,87700,877,1,32,4c20012000,3D60,41
614,87900,879,1,32,4c20012000,EC73,41
615,88300,883,1,32,4c20012000,864C,41
616,88500,885,1,32,4c20012000,C098,41
617,88800,888,1,32,4c20012000,B053,41
618,89000,890,1,32,4c20012000,0043,41
619,89200,892,1,32,4c20012000,C6D7,41
620,89400,894,1,32,4c20012000,D214,41
621,89700,897,1,32,4c20012000,A259,41
622,89900,899,1,32,4c20012000,980E,41
623,90100,901,0,32,11032000,74B7,40
624,90200,902,0,32,11032000,E6D1,40
625,90300,903,0,32,11032000,CDD8,40
626,90400,904,0,32,11032000,6BDD,40
627,90500,905,0,32,11032000,7D6D,40
628,90600,906,0,32,11032000,71B0,40
629,90700,907,0,32,11032000,CE32,40
630,90800,908,0,32,11032000,39DC,40
631,90900,909,0,32,11032000,1A86,40
632,91000,910,0,32,11032000,E42C,40
633,91100,911,0,32,11032000,AB68,40
634,91200,912,0,32,11032000,04BE,40
635,91300,913,0,32,11032000,F9F4,40
636,91400,914,0,32,11032000,AF24,40
637,91500,915,0,32,11032000,45AD,40
638,91600,916,0,32,11032000,515E,40
639,91700,917,0,32,11032000,2724,40
640,91800,918,0,32,11032000,B982,40
641,91900,919,0,32,11032000,2794,40
642,92000,920,0,32,11032000,3099,40
643,92100,921,0,32,11032000,B1C7,40
644,92200,922,0,32,11032000,155F,40
645,92300,923,0,32,11032000,78AA,40
646,92400,924,0,32,11032000,62E1,40
647,92500,925,0,32,11032000,1460,40
648,92600,926,0,32,11032000,519E,40
649,92700,927,0,32,11032000,8B96,40
650,92800,928,0,32,11032000,7C65,40
651,92900,929,0,32,11032000,CF6C,40
652,93000,930,0,32,11032000,B892,40
653,93100,931,0,32,11032000,0ACD,40
654,93200,932,0,32,11032000,B653,40
655,93300,933,0,32,11032000,D149,40
656,93400,934,0,32,11032000,18B8,40
657,93500,935,0,32,11032000,BC68,40
658,93600,936,0,32,11032000,16B0,40
659,93700,937,0,32,11032000,B1FD,40
660,94000,940,0,32,11032000,D398,40
661,94100,941,0,32,11032000,9D14,40
662,94200,942,0,32,11032000,5692,40
663,94300,943,0,32,11032000,A3E6,40
664,94400,944,0,32,11032000,92DD,40
665,94500,945,0,32,11032000,8446,40
666,94600,946,0,32,11032000,FECA,40
667,94700,947,0,32,11032000,4BB9,40
668,94800,948,0,32,11032000,0586,40
669,95000,950,1,32,4c20012000,1A17,41
670,95200,952,1,32,4c20012000,8519,41
671,95500,955,1,32,4c20012000,A95F,41
672,95700,957,1,32,4c20012000,6D0C,41
673,95900,959,1,32,4c20012000,94E9,41
674,96100,961,1,32,4c20012000,BF9C,41
675,96400,964,1,32,4c20012000,9CD1,41
676,96600,966,1,32,4c20012000,2807,41
677,96800,968,1,32,4c20012000,3F7F,41
678,97000,970,1,32,4c20012000,2561,41
679,97200,972,1,32,4c20012000,4532,41
680,97400,974,1,32,4c20012000,A154,41
681,97700,977,1,32,4c20012000,01F7,41
682,97900,979,1,32,4c20012000,B351,41
683,98100,981,1,32,4c20012000,09FA,41
684,98300,983,1,32,4c20012000,63AF,41
685,98600,986,1,32,4c20012000,8633,41
686,98800,988,1,32,4c20012000,9879,41
687,99000,990,1,32,4c20012000,1B12,41
688,99200,992,1,32,4c20012000,4FF1,41
689,99600,996,1,32,4c20012000,980A,41
690,99800,998,1,32,4c20012000,9720,41
691,100000,1000,0,32,11032000,C00A,40
692,100100,1001,0,32,11032000,FF1C,40
693,100200,1002,0,32,11032000,C0E3,40
694,100300,1003,0,32,11032000,A5A4,40
695,100400,1004,0,32,11032000,3A2D,40
696,100500,1005,0,32,11032000,E6BE,40
697,100600,1006,0,32,11032000,D800,40
698,100700,1007,0,32,11032000,C7AA,40
699,100800,1008,0,32,11032000,003A,40
700,100900,1009,0,32,11032000,F65E,40
701,101000,1010,0,32,11032000,8967,40
702,101100,1011,0,32,11032000,3A1C,40
703,101200,1012,0,32,11032000,FDCF,40
704,101300,1013,0,32,11032000,3274,40
705,101400,1014,0,32,11032000,CD39,40
706,101500,1015,0,32,11032000,10A7,40
707,101600,1016,0,32,11032000,5972,40
708,101700,1017,0,32,11032000,ECD5,40
709,101800,1018,0,32,11032000,175D,40
710,101900,1019,0,32,11032000,C5F7,40
711,102000,1020,0,32,11032000,6A64,40
712,102100,1021,0,32,11032000,8D82,40
713,102200,1022,0,32,11032000,974F,40
714,102300,1023,0,32,11032000,DA79,40
715,102400,1024,0,32,11032000,B8C3,40
716,102500,1025,0,32,11032000,E3F3,40
717,102600,1026,0,32,11032000,D52A,40
718,102700,1027,0,32,11032000,B283,40
719,102800,1028,0,32,11032000,77C3,40
720,102900,1029,0,32,11032000,5D81,40
721,103000,1030,0,32,11032000,F8BA,40
722,103100,1031,0,32,11032000,09E1,40
723,103200,1032,0,32,11032000,F706,40
724,103300,1033,0,32,11032000,626F,40
725,103400,1034,0,32,11032000,CBDD,40
726,103500,1035,0,32,11032000,40C6,40
727,103600,1036,0,32,11032000,1DBB,40
728,103700,1037,0,32,11032000,9E47,40
729,103800,1038,0,32,11032000,ECA9,40
730,103900,1039,0,32,11032000,392D,40
731,104000,1040,0,32,11032000,027C,40
732,104100,1041,0,32,11032000,397C,40
733,104200,1042,0,32,11032000,6483,40
734,104300,1043,0,32,11032000,0AFC,40
735,104400,1044,0,32,11032000,276A,40
736,104500,1045,0,32,11032000,F03C,40
737,104600,1046,0,32,11032000,158D,40
738,104700,1047,0,32,11032000,6407,40
739,104800,1048,0,32,11032000,0B9F,40
740,104900,1049,0,32,11032000,1D83,40
741,105000,1050,1,32,4c20012000,715B,41
742,105400,1054,1,32,4c20012000,7AFA,41
743,105600,1056,1,32,4c20012000,3203,41
744,105900,1059,1,32,4c20012000,8362,41
745,106100,1061,1,32,4c20012000,DE7B,41
746,106300,1063,1,32,4c20012000,5341,41
747,106600,1066,1,32,4c20012000,748E,41
748,106800,1068,1,32,4c20012000,9D46,41
749,107000,1070,1,32,4c20012000,6711,41
750,107200,1072,1,32,4c20012000,8C3B,41
751,107400,1074,1,32,4c20012000,6CD7,41
752,107700,1077,1,32,4c20012000,1187,41
753,107900,1079,1,32,4c20012000,7114,41
754,108100,1081,1,32,4c20012000,4EC1,41
755,108300,1083,1,32,4c20012000,ECED,41
756,108500,1085,1,32,4c20012000,2098,41
757,108700,1087,1,32,4c20012000,D6FA,41
758,109000,1090,1,32,4c20012000,44A9,41
759,109200,1092,1,32,4c20012000,A1B2,41
760,109400,1094,1,32,4c20012000,0604,41
761,109600,1096,1,32,4c20012000,E168,41
762,109800,1098,1,32,4c20012000,4BC5,41
763,110000,1100,0,32,11032000,673F,40
764,110100,1101,0,32,11032000,D624,40
765,110300,1103,0,32,11032000,B397,40
766,110400,1104,0,32,11032000,2FAF,40
767,110500,1105,0,32,11032000,160B,40
768,110600,1106,0,32,11032000,A4CB,40
769,110700,1107,0,32,11032000,6797,40
770,110800,1108,0,32,11032000,BE23,40
771,110900,1109,0,32,11032000,810A,40
772,111000,1110,0,32,11032000,5650,40
773,111100,1111,0,32,11032000,FA95,40
774,111200,1112,0,32,11032000,3A59,40
775,111300,1113,0,32,11032000,D2EF,40
776,111400,1114,0,32,11032000,D483,40
777,111500,1115,0,32,11032000,CCF1,40
778,111600,1116,0,32,11032000,405A,40
779,111700,1117,0,32,11032000,C158,40
780,111900,1119,0,32,11032000,EACC,40
781,112000,1120,0,32,11032000,3C2F,40
782,112100,1121,0,32,11032000,FF23,40
783,112200,1122,0,32,11032000,F9FC,40
784,112300,1123,0,32,11032000,8FFB,40
785,112400,1124,0,32,11032000,BB63,40
786,112500,1125,0,32,11032000,A389,40
787,112600,1126,0,32,11032000,91AF,40
788,112700,1127,0,32,11032000,C567,40
789,112800,1128,0,32,11032000,8944,40
790,112900,1129,0,32,11032000,057A,40
791,113000,1130,0,32,11032000,BCC5,40
792,113100,1131,0,32,11032000,7876,40
793,113200,1132,0,32,11032000,8950,40
794,113300,1133,0,32,11032000,1F84,40
795,113400,1134,0,32,11032000,01FA,40
796,113500,1135,0,32,11032000,CD74,40
797,113600,1136,0,32,11032000,053F,40
798,113800,1138,0,32,11032000,B818,40
799,113900,1139,0,32,11032000,D6CD,40
800,114000,1140,0,32,11032000,26BF,40
801,114100,1141,0,32,11032000,54E3,40
802,114200,1142,0,32,11032000,53D4,40
803,114300,1143,0,32,11032000,4C38,40
804,114400,1144,0,32,11032000,2C49,40
805,114500,1145,0,32,11032000,AC87,40
806,114600,1146,0,32,11032000,806C,40
807,114700,1147,0,32,11032000,9D4C,40
808,114800,1148,0,32,11032000,031B,40
809,114900,1149,0,32,11032000,908A,40
810,115000,1150,1,32,4c20012000,D6C3,41
811,115200,1152,1,32,4c20012000,52C9,41
812,115400,1154,1,32,4c20012000,A10A,41
813,115600,1156,1,32,4c20012000,E179,41
814,115800,1158,1,32,4c20012000,80F9,41
815,116000,1160,1,32,4c20012000,D88A,41
816,116200,1162,1,32,4c20012000,B609,41
817,116400,1164,1,32,4c20012000,6035,41
818,116600,1166,1,32,4c20012000,EB5C,41
819,117000,1170,1,32,4c20012000,77E5,41
820,117300,1173,1,32,4c20012000,6257,41
821,117500,1175,1,32,4c20012000,74BA,41
822,117700,1177,1,32,4c20012000,D1EE,41
823,118000,1180,1,32,4c20012000,9D93,41
824,118200,1182,1,32,4c20012000,B5B8,41
825,118400,1184,1,32,4c20012000,9739,41
826,118700,1187,1,32,4c20012000,8DCB,41
827,118900,1189,1,32,4c20012000,85A4,41
828,119100,1191,1,32,4c20012000,5A11,41
829,119400,1194,1,32,4c20012000,5C0D,41
830,119600,1196,1,32,4c20012000,205C,41
831,119900,1199,1,32,4c20012000,107D,41
832,120200,1202,0,32,11032000,06FE,40
833,120400,1204,0,32,11032000,2C55,40
834,120500,1205,0,32,11032000,D437,40
835,120600,1206,0,32,11032000,B831,40
836,120700,1207,0,32,11032000,6CA0,40
837,120800,1208,0,32,11032000,2918,40
838,120900,1209,0,32,11032000,00CD,40
839,121000,1210,0,32,11032000,0C48,40
840,121200,1212,0,32,11032000,DC42,40
841,121300,1213,0,32,11032000,5863,40
842,121400,1214,0,32,11032000,D5E0,40
843,121500,1215,0,32,11032000,AB6C,40
844,121600,1216,0,32,11032000,BE82,40
845,121700,1217,0,32,11032000,552B,40
846,121800,1218,0,32,11032000,911E,40
847,121900,1219,0,32,11032000,E95D,40
848,122000,1220,0,32,11032000,2083,40
849,122100,1221,0,32,11032000,F3EC,40
850,122200,1222,0,32,11032000,DDA6,40
851,122300,1223,0,32,11032000,7AA6,40
852,122500,1225,0,32,11032000,1D51,40
853,122600,1226,0,32,11032000,2112,40
854,122700,1227,0,32,11032000,3E12,40
855,122800,1228,0,32,11032000,14EA,40
856,122900,1229,0,32,11032000,5038,40
857,123000,1230,0,32,11032000,5937,40
858,123100,1231,0,32,11032000,0FEF,40
859,123200,1232,0,32,11032000,A659,40
860,123300,1233,0,32,11032000,1770,40
861,123400,1234,0,32,11032000,B14F,40
862,123500,1235,0,32,11032000,CF98,40
863,123600,1236,0,32,11032000,329E,40
864,123700,1237,0,32,11032000,508A,40
865,123800,1238,0,32,11032000,45B7,40
866,124000,1240,0,32,11032000,7C45,40
867,124100,1241,0,32,11032000,E8C9,40
868,124200,1242,0,32,11032000,B961,40
869,124300,1243,0,32,11032000,0DB7,40
870,124400,1244,0,32,11032000,62F6,40
871,124500,1245,0,32,11032000,5A47,40
872,124600,1246,0,32,11032000,FCF5,40
873,124700,1247,0,32,11032000,BE2D,40
874,124800,1248,0,32,11032000,B392,40
875,124900,1249,0,32,11032000,B3BF,40
876,125000,1250,1,32,4c20012000,D122,41
877,125200,1252,1,32,4c20012000,C22E,41
878,125400,1254,1,32,4c20012000,4CA2,41
879,125700,1257,1,32,4c20012000,D55C,41
880,125900,1259,1,32,4c20012000,033D,41
881,126100,1261,1,32,4c20012000,AC8C,41
882,126300,1263,1,32,4c20012000,50AC,41
883,126700,1267,1,32,4c20012000,B593,41
884,126900,1269,1,32,4c20012000,E488,41
885,127100,1271,1,32,4c20012000,C7F0,41
886,127300,1273,1,32,4c20012000,E34B,41
887,127500,1275,1,32,4c20012000,2422,41
888,127700,1277,1,32,4c20012000,2FD3,41
889,128100,1281,1,32,4c20012000,296D,41
890,128300,1283,1,32,4c20012000,0F4D,41
891,128500,1285,1,32,4c20012000,E02D,41
892,128800,1288,1,32,4c20012000,0131,41
893,129000,1290,1,32,4c20012000,DF06,41
894,129200,1292,1,32,4c20012000,966D,41
895,129400,1294,1,32,4c20012000,7FFF,41
896,129600,1296,1,32,4c20012000,40DC,41
897,129800,1298,1,32,4c20012000,C164,41
898,130100,1301,0,32,11032000,7907,40
899,130200,1302,0,32,11032000,8FD1,40
900,130300,1303,0,32,11032000,87EB,40
901,130400,1304,0,32,11032000,A3E4,40
902,130500,1305,0,32,11032000,BBC1,40
903,130600,1306,0,32,11032000,4C16,40
904,130700,1307,0,32,11032000,84E9,40
905,130800,1308,0,32,11032000,927E,40
906,130900,1309,0,32,11032000,F63F,40
907,131000,1310,0,32,11032000,84F0,40
908,131100,1311,0,32,11032000,50A0,40
909,131200,1312,0,32,11032000,104C,40
910,131300,1313,0,32,11032000,E134,40
911,131400,1314,0,32,11032000,F9FE,40
912,131500,1315,0,32,11032000,3682,40
913,131600,1316,0,32,11032000,9230,40
914,131700,1317,0,32,11032000,1ABC,40
915,131800,1318,0,32,11032000,2673,40
916,132100,1321,0,32,11032000,8A50,40
917,132200,1322,0,32,11032000,F78A,40
918,132300,1323,0,32,11032000,4ACA,40
919,132400,1324,0,32,11032000,1AFF,40
920,132500,1325,0,32,11032000,D2C0,40
921,132600,1326,0,32,11032000,3534,40
922,132700,1327,0,32,11032000,F77F,40
923,132900,1329,0,32,11032000,8564,40
924,133000,1330,0,32,11032000,B0F2,40
925,133100,1331,0,32,11032000,6E9F,40
926,133200,1332,0,32,11032000,1CBB,40
927,133300,1333,0,32,11032000,F4E8,40
928,133400,1334,0,32,11032000,B4BF,40
929,133500,1335,0,32,11032000,0E1F,40
930,133600,1336,0,32,11032000,7873,40
931,133700,1337,0,32,11032000,F85F,40
932,133800,1338,0,32,11032000,8239,40
933,133900,1339,0,32,11032000,E476,40
934,134000,1340,0,32,11032000,E754,40
935,134100,1341,0,32,11032000,C885,40
936,134200,1342,0,32,11032000,5DA2,40
937,134300,1343,0,32,11032000,24A4,40
938,134400,1344,0,32,11032000,E556,40
939,134500,1345,0,32,11032000,CBAB,40
940,134700,1347,0,32,11032000,5274,40
941,134800,1348,0,32,11032000,A909,40
942,134900,1349,0,32,11032000,BADB,40
943,135000,1350,1,32,4c20012000,F80A,41
944,135200,1352,1,32,4c20012000,88DC,41
945,135400,1354,1,32,4c20012000,26B8,41
946,135600,1356,1,32,4c20012000,BDFE,41
947,135900,1359,1,32,4c20012000,C797,41
948,136100,1361,1,32,4c20012000,E5A6,41
949,136300,1363,1,32,4c20012000,3155,41
950,136600,1366,1,32,4c20012000,E422,41
951,136800,1368,1,32,4c20012000,292E,41
952,137100,1371,1,32,4c20012000,4200,41
953,137300,1373,1,32,4c20012000,748B,41
954,137500,1375,1,32,4c20012000,CF22,41
955,137800,1378,1,32,4c20012000,8791,41
956,138000,1380,1,32,4c20012000,031A,41
957,138200,1382,1,32,4c20012000,1403,41
958,138400,1384,1,32,4c20012000,A6C4,41
959,138600,1386,1,32,4c20012000,0206,41
960,138800,1388,1,32,4c20012000,7408,41
961,139100,1391,1,32,4c20012000,F7B8,41
962,139300,1393,1,32,4c20012000,46E8,41
963,139500,1395,1,32,4c20012000,B7DC,41
964,139700,1397,1,32,4c20012000,7C40,41
965,139900,1399,1,32,4c20012000,C36A,41
966,140100,1401,0,32,11032000,1C74,40
967,140200,1402,0,32,11032000,B6F1,40
968,140300,1403,0,32,11032000,FB11,40
969,140400,1404,0,32,11032000,E3DD,40
970,140500,1405,0,32,11032000,D5D9,40
971,140600,1406,0,32,11032000,B708,40
972,140700,1407,0,32,11032000,9EBF,40
973,140800,1408,0,32,11032000,FF7D,40
974,140900,1409,0,32,11032000,89B8,40
975,141000,1410,0,32,11032000,C202,40
976,141100,1411,0,32,11032000,B74E,40
977,141200,1412,0,32,11032000,7D75,40
978,141300,1413,0,32,11032000,DFA0,40
979,141400,1414,0,32,11032000,D567,40
980,141500,1415,0,32,11032000,9693,40
981,141600,1416,0,32,11032000,62D3,40
982,141700,1417,0,32,11032000,626A,40
983,141800,1418,0,32,11032000,B951,40
984,141900,1419,0,32,11032000,BD9E,40
985,142000,1420,0,32,11032000,8902,40
986,142100,1421,0,32,11032000,A909,40
987,142200,1422,0,32,11032000,9F2A,40
988,142300,1423,0,32,11032000,E1F4,40
989,142400,1424,0,32,11032000,4C95,40
990,142500,1425,0,32,11032000,ADF2,40
991,142600,1426,0,32,11032000,937C,40
992,142700,1427,0,32,11032000,38FB,40
993,142800,1428,0,32,11032000,690F,40
994,142900,1429,0,32,11032000,419F,40
995,143000,1430,0,32,11032000,B602,40
996,143100,1431,0,32,11032000,CE89,40
997,143200,1432,0,32,11032000,A78D,40
998,143300,1433,0,32,11032000,F977,40
999,143400,1434,0,32,11032000,BA34,40
1000,143500,1435,0,32,11032000,423E,40
1001,143600,1436,0,32,11032000,195D,40
1002,143700,1437,0,32,11032000,CBA0,40
1003,143800,1438,0,32,11032000,4731,40
1004,143900,1439,0,32,11032000,4BAC,40
1005,144000,1440,0,32,11032000,DA9E,40
1006,144100,1441,0,32,11032000,E65E,40
1007,144200,1442,0,32,11032000,FEE0,40
1008,144300,1443,0,32,11032000,2A6E,40
1009,144400,1444,0,32,11032000,0604,40
1010,144500,1445,0,32,11032000,DCB4,40
1011,144600,1446,0,32,11032000,B3CC,40
1012,144700,1447,0,32,11032000,4823,40
1013,144800,1448,0,32,11032000,3037,40
1014,144900,1449,0,32,11032000,A1A8,40
1015,145000,1450,1,32,4c20012000,141B,41
1016,145200,1452,1,32,4c20012000,4B55,41
1017,145400,1454,1,32,4c20012000,C3BE,41
1018,145600,1456,1,32,4c20012000,D7C7,41
1019,145800,1458,1,32,4c20012000,75A7,41
1020,146000,1460,1,32,4c20012000,85EC,41
1021,146200,1462,1,32,4c20012000,F0E7,41
1022,146400,1464,1,32,4c20012000,728B,41
1023,146600,1466,1,32,4c20012000,7D7A,41
1024,146900,1469,1,32,4c20012000,D3E8,41
1025,147100,1471,1,32,4c20012000,6BE4,41
1026,147300,1473,1,32,4c20012000,3524,41
1027,147500,1475,1,32,4c20012000,CE26,41
1028,147700,1477,1,32,4c20012000,CE4E,41
1029,148000,1480,1,32,4c20012000,84A4,41
1030,148200,1482,1,32,4c20012000,C321,41
1031,148400,1484,1,32,4c20012000,B091,41
1032,148600,1486,1,32,4c20012000,778A,41
1033,148800,1488,1,32,4c20012000,591D,41
1034,149000,1490,1,32,4c20012000,4196,41
1035,149200,1492,1,32,4c20012000,47F6,41
1036,149400,1494,1,32,4c20012000,6072,41
1037,149600,1496,1,32,4c20012000,9431,41
1038,149800,1498,1,32,4c20012000,4546,41
1039,150000,1500,0,32,11032000,1ADF,40
1040,150100,1501,0,32,11032000,EE4C,40
1041,150200,1502,0,32,11032000,8F6A,40
1042,150300,1503,0,32,11032000,0D3C,40
1043,150400,1504,0,32,11032000,8809,40
1044,150500,1505,0,32,11032000,4FD8,40
1045,150600,1506,0,32,11032000,2BB8,40
1046,150700,1507,0,32,11032000,C0C3,40
1047,150800,1508,0,32,11032000,8466,40
1048,151200,1512,0,32,11032000,9B0C,40
1049,151300,1513,0,32,11032000,39E8,40
1050,151400,1514,0,32,11032000,093B,40
1051,151500,1515,0,32,11032000,F7CC,40
1052,151600,1516,0,32,11032000,F20F,40
1053,151700,1517,0,32,11032000,10DC,40
1054,151800,1518,0,32,11032000,9804,40
1055,151900,1519,0,32,11032000,58E5,40
1056,152000,1520,0,32,11032000,0474,40
1057,152100,1521,0,32,11032000,3D57,40
1058,152200,1522,0,32,11032000,79E3,40
1059,152300,1523,0,32,11032000,9449,40
1060,152400,1524,0,32,11032000,1C54,40
1061,152500,1525,0,32,11032000,CE63,40
1062,152600,1526,0,32,11032000,DF75,40
1063,152700,1527,0,32,11032000,E9C2,40
1064,152800,1528,0,32,11032000,DB71,40
1065,152900,1529,0,32,11032000,883B,40
1066,153000,1530,0,32,11032000,C2E4,40
1067,153100,1531,0,32,11032000,2484,40
1068,153200,1532,0,32,11032000,866A,40
1069,153300,1533,0,32,11032000,AC6C,40
1070,153400,1534,0,32,11032000,E225,40
1071,153500,1535,0,32,11032000,FB63,40
1072,153600,1536,0,32,11032000,4650,40
1073,153700,1537,0,32,11032000,24D3,40
1074,153800,1538,0,32,11032000,57D9,40
1075,153900,1539,0,32,11032000,A7F9,40
1076,154000,1540,0,32,11032000,C3FD,40
1077,154100,1541,0,32,11032000,FF88,40
1078,154200,1542,0,32,11032000,506B,40
1079,154300,1543,0,32,11032000,CE65,40
1080,154400,1544,0,32,11032000,E242,40
1081,154500,1545,0,32,11032000,D6AE,40
1082,154600,1546,0,32,11032000,D659,40
1083,154700,1547,0,32,11032000,03B4,40
1084,154800,1548,0,32,11032000,CF59,40
1085,154900,1549,0,32,11032000,4B5F,40
1086,155000,1550,1,32,4c20012000,A980,41
1087,155200,1552,1,32,4c20012000,1D32,41
1088,155400,1554,1,32,4c20012000,B762,41
1089,155600,1556,1,32,4c20012000,2128,41
1090,155800,1558,1,32,4c20012000,1AE5,41
1091,156000,1560,1,32,4c20012000,9BB2,41
1092,156300,1563,1,32,4c20012000,79FE,41
1093,156500,1565,1,32,4c20012000,246A,41
1094,156700,1567,1,32,4c20012000,A0DB,41
1095,156900,1569,1,32,4c20012000,48B0,41
1096,157100,1571,1,32,4c20012000,DBAC,41
1097,157300,1573,1,32,4c20012000,B384,41
1098,157600,1576,1,32,4c20012000,5087,41
1099,157800,1578,1,32,4c20012000,949F,41
1100,158000,1580,1,32,4c20012000,01DF,41
1101,158200,1582,1,32,4c20012000,3165,41
1102,158400,1584,1,32,4c20012000,C40D,41
1103,158700,1587,1,32,4c20012000,24DA,41
1104,158900,1589,1,32,4c20012000,5133,41
1105,159100,1591,1,32,4c20012000,8C51,41
1106,159300,1593,1,32,4c20012000,CF15,41
1107,159500,1595,1,32,4c20012000,93F3,41
1108,159700,1597,1,32,4c20012000,A480,41
1109,160000,1600,0,32,11032000,244D,40
1110,160100,1601,0,32,11032000,A498,40
1111,160200,1602,0,32,11032000,9790,40
1112,160300,1603,0,32,11032000,ECBE,40
1113,160500,1605,0,32,11032000,EA3C,40
1114,160600,1606,0,32,11032000,BB55,40
1115,160800,1608,0,32,11032000,F97D,40
1116,160900,1609,0,32,11032000,AEAF,40
1117,161000,1610,0,32,11032000,8284,40
1118,161100,1611,0,32,11032000,75A1,40
1119,161200,1612,0,32,11032000,366F,40
1120,161300,1613,0,32,11032000,04D3,40
1121,161400,1614,0,32,11032000,EB82,40
1122,161500,1615,0,32,11032000,285D,40
1123,161600,1616,0,32,11032000,B092,40
1124,161700,1617,0,32,11032000,EDE3,40
1125,161800,1618,0,32,11032000,7D95,40
1126,161900,1619,0,32,11032000,852F,40
1127,162000,1620,0,32,11032000,3E42,40
1128,162100,1621,0,32,11032000,0DA5,40
1129,162200,1622,0,32,11032000,EC11,40
1130,162300,1623,0,32,11032000,57B1,40
1131,162400,1624,0,32,11032000,B7A2,40
1132,162500,1625,0,32,11032000,D431,40
1133,162600,1626,0,32,11032000,FB66,40
1134,162700,1627,0,32,11032000,64D8,40
1135,162800,1628,0,32,11032000,E39C,40
1136,162900,1629,0,32,11032000,0D1B,40
1137,163000,1630,0,32,11032000,9C7D,40
1138,163100,1631,0,32,11032000,44A4,40
1139,163200,1632,0,32,11032000,6860,40
1140,163400,1634,0,32,11032000,3E5E,40
1141,163600,1636,0,32,11032000,9274,40
1142,163700,1637,0,32,11032000,41E5,40
1143,163800,1638,0,32,11032000,4039,40
1144,163900,1639,0,32,11032000,AEBD,40
1145,164100,1641,0,32,11032000,3FDB,40
1146,164200,1642,0,32,11032000,60A1,40
1147,164300,1643,0,32,11032000,B45D,40
1148,164400,1644,0,32,11032000,ABC8,40
1149,164600,1646,0,32,11032000,B2C9,40
1150,164800,1648,0,32,11032000,10A6,40
1151,164900,1649,0,32,11032000,F74A,40
1152,165000,1650,1,32,4c20012000,184A,41
1153,165200,1652,1,32,4c20012000,4431,41
1154,165400,1654,1,32,4c20012000,E5BF,41
1155,165600,1656,1,32,4c20012000,A17C,41
1156,165800,1658,1,32,4c20012000,2F13,41
1157,166000,1660,1,32,4c20012000,530D,41
1158,166300,1663,1,32,4c20012000,1925,41
1159,166600,1666,1,32,4c20012000,13A8,41
1160,166900,1669,1,32,4c20012000,670F,41
1161,167100,1671,1,32,4c20012000,6C2E,41
1162,167300,1673,1,32,4c20012000,7488,41
1163,167500,1675,1,32,4c20012000,679B,41
1164,167800,1678,1,32,4c20012000,B653,41
1165,168100,1681,1,32,4c20012000,450B,41
1166,168300,1683,1,32,4c20012000,4011,41
1167,168500,1685,1,32,4c20012000,04E0,41
1168,168700,1687,1,32,4c20012000,558A,41
1169,168900,1689,1,32,4c20012000,3D5D,41
1170,169100,1691,1,32,4c20012000,4B5E,41
1171,169300,1693,1,32,4c20012000,BF31,41
1172,169500,1695,1,32,4c20012000,48D1,41
1173,169700,1697,1,32,4c20012000,98E2,41
1174,169900,1699,1,32,4c20012000,F69C,41
1175,170100,1701,0,32,11032000,12E6,40
1176,170200,1702,0,32,11032000,A5F7,40
1177,170400,1704,0,32,11032000,0A28,40
1178,170500,1705,0,32,11032000,82B4,40
1179,170600,1706,0,32,11032000,E638,40
1180,170700,1707,0,32,11032000,61E2,40
1181,170800,1708,0,32,11032000,A803,40
1182,170900,1709,0,32,11032000,D1B0,40
1183,171200,1712,0,32,11032000,5036,40
1184,171300,1713,0,32,11032000,8C67,40
1185,171400,1714,0,32,11032000,F934,40
1186,171600,1716,0,32,11032000,0AFA,40
1187,171700,1717,0,32,11032000,8F9C,40
1188,171800,1718,0,32,11032000,36D1,40
1189,171900,1719,0,32,11032000,7BA5,40
1190,172000,1720,0,32,11032000,6236,40
1191,172100,1721,0,32,11032000,67AE,40
1192,172200,1722,0,32,11032000,B587,40
1193,172300,1723,0,32,11032000,1883,40
1194,172400,1724,0,32,11032000,4042,40
1195,172500,1725,0,32,11032000,A177,40
1196,172600,1726,0,32,11032000,0AB6,40
1197,172700,1727,0,32,11032000,7B08,40
1198,172800,1728,0,32,11032000,F6E3,40
1199,173000,1730,0,32,11032000,04C0,40
1200,173100,1731,0,32,11032000,0577,40
1201,173200,1732,0,32,11032000,B609,40
1202,173300,1733,0,32,11032000,B83D,40
1203,173400,1734,0,32,11032000,E9DC,40
1204,173500,1735,0,32,11032000,8DB5,40
1205,173600,1736,0,32,11032000,3BD0,40
1206,173700,1737,0,32,11032000,B29E,40
1207,173800,1738,0,32,11032000,9C57,40
1208,173900,1739,0,32,11032000,D181,40
1209,174000,1740,0,32,11032000,8AF3,40
1210,174200,1742,0,32,11032000,C0CA,40
1211,174400,1744,0,32,11032000,9D73,40
1212,174600,1746,0,32,11032000,3252,40
1213,174700,1747,0,32,11032000,003B,40
1214,174800,1748,0,32,11032000,BCA9,40
1215,174900,1749,0,32,11032000,744D,40
1216,175000,1750,1,32,4c20012000,2078,41
1217,175200,1752,1,32,4c20012000,C55D,41
1218,175400,1754,1,32,4c20012000,F6E1,41
1219,175600,1756,1,32,4c20012000,BBDB,41
1220,175800,1758,1,32,4c20012000,5E87,41
1221,176000,1760,1,32,4c20012000,F9A1,41
1222,176300,1763,1,32,4c20012000,1153,41
1223,176500,1765,1,32,4c20012000,E48A,41
1224,176700,1767,1,32,4c20012000,BD19,41
1225,176900,1769,1,32,4c20012000,EBDC,41
1226,177100,1771,1,32,4c20012000,A5E9,41
1227,177300,1773,1,32,4c20012000,C06E,41
1228,177500,1775,1,32,4c20012000,8689,41
1229,177800,1778,1,32,4c20012000,952E,41
1230,178000,1780,1,32,4c20012000,E88D,41
1231,178200,1782,1,32,4c20012000,293F,41
1232,178400,1784,1,32,4c20012000,E8A3,41
1233,178600,1786,1,32,4c20012000,955E,41
1234,178800,1788,1,32,4c20012000,B3FC,41
1235,179000,1790,1,32,4c20012000,B954,41
1236,179200,1792,1,32,4c20012000,13A8,41
1237,179400,1794,1,32,4c20012000,EEEF,41
1238,179600,1796,1,32,4c20012000,951B,41
1239,179800,1798,1,32,4c20012000,C661,41
1240,180000,1800,0,32,11032000,A965,40
1241,180100,1801,0,32,11032000,CAA0,40
1242,180200,1802,0,32,11032000,47C2,40
1243,180300,1803,0,32,11032000,F55F,40
1244,180400,1804,0,32,11032000,9EFD,40
1245,180500,1805,0,32,11032000,9B2C,40
1246,180600,1806,0,32,11032000,76E8,40
1247,180700,1807,0,32,11032000,B360,40
1248,180800,1808,0,32,11032000,2AC2,40
1249,180900,1809,0,32,11032000,5832,40
1250,181000,1810,0,32,11032000,2BD8,40
1251,181100,1811,0,32,11032000,6549,40
1252,181200,1812,0,32,11032000,EFBA,40
1253,181300,1813,0,32,11032000,10FF,40
1254,181400,1814,0,32,11032000,6ACF,40
1255,181500,1815,0,32,11032000,47DC,40
1256,181600,1816,0,32,11032000,6637,40
1257,181700,1817,0,32,11032000,5FC2,40
1258,181800,1818,0,32,11032000,B97F,40
1259,181900,1819,0,32,11032000,867A,40
1260,182000,1820,0,32,11032000,70F3,40
1261,182100,1821,0,32,11032000,E2B8,40
1262,182200,1822,0,32,11032000,0F8E,40
1263,182300,1823,0,32,11032000,F4A7,40
1264,182400,1824,0,32,11032000,71CC,40
1265,182500,1825,0,32,11032000,B205,40
1266,182600,1826,0,32,11032000,EF85,40
1267,182700,1827,0,32,11032000,0055,40
1268,182800,1828,0,32,11032000,0830,40
1269,182900,1829,0,32,11032000,B2DA,40
1270,183000,1830,0,32,11032000,C477,40
1271,183100,1831,0,32,11032000,910A,40
1272,183200,1832,0,32,11032000,A8C0,40
1273,183300,1833,0,32,11032000,5C2E,40
1274,183400,1834,0,32,11032000,7087,40
1275,183500,1835,0,32,11032000,C4CF,40
1276,183600,1836,0,32,11032000,FCDF,40
1277,183700,1837,0,32,11032000,59F8,40
1278,183800,1838,0,32,11032000,CF1D,40
1279,183900,1839,0,32,11032000,ED28,40
1280,184100,1841,0,32,11032000,356F,40
1281,184200,1842,0,32,11032000,B4FA,40
1282,184300,1843,0,32,11032000,6926,40
1283,184400,1844,0,32,11032000,6F55,40
1284,184500,1845,0,32,11032000,34B8,40
1285,184600,1846,0,32,11032000,D10C,40
1286,184700,1847,0,32,11032000,8945,40
1287,184800,1848,0,32,11032000,4404,40
1288,184900,1849,0,32,11032000,1597,40
1289,185000,1850,1,32,4c20012000,2916,41
1290,185200,1852,1,32,4c20012000,FDF9,41
1291,185400,1854,1,32,4c20012000,70F6,41
1292,185600,1856,1,32,4c20012000,9507,41
1293,185800,1858,1,32,4c20012000,F85B,41
1294,186000,1860,1,32,4c20012000,9B75,41
1295,186200,1862,1,32,4c20012000,BBF0,41
1296,186400,1864,1,32,4c20012000,3008,41
1297,186600,1866,1,32,4c20012000,2552,41
1298,186800,1868,1,32,4c20012000,D20D,41
1299,187100,1871,1,32,4c20012000,C761,41
1300,187400,1874,1,32,4c20012000,1736,41
1301,187700,1877,1,32,4c20012000,1591,41
1302,187900,1879,1,32,4c20012000,0817,41
1303,188100,1881,1,32,4c20012000,7127,41
1304,188300,1883,1,32,4c20012000,5FE1,41
1305,188600,1886,1,32,4c20012000,58C9,41
1306,188800,1888,1,32,4c20012000,BD35,41
1307,189000,1890,1,32,4c20012000,90F7,41
1308,189200,1892,1,32,4c20012000,B7EC,41
1309,189400,1894,1,32,4c20012000,B451,41
1310,189600,1896,1,32,4c20012000,CC7D,41
1311,189800,1898,1,32,4c20012000,E0BD,41
1312,190000,1900,0,32,11032000,2390,40
1313,190100,1901,0,32,11032000,A361,40
1314,190200,1902,0,32,11032000,239A,40
1315,190300,1903,0,32,11032000,2AB8,40
1316,190400,1904,0,32,11032000,8A25,40
1317,190500,1905,0,32,11032000,C38C,40
1318,190700,1907,0,32,11032000,BDCD,40
1319,190800,1908,0,32,11032000,C9E1,40
1320,191000,1910,0,32,11032000,5A98,40
1321,191100,1911,0,32,11032000,7EBE,40
1322,191200,1912,0,32,11032000,6483,40
1323,191300,1913,0,32,11032000,DE23,40
1324,191500,1915,0,32,11032000,FF8C,40
1325,191600,1916,0,32,11032000,BD19,40
1326,191700,1917,0,32,11032000,61F8,40
1327,191800,1918,0,32,11032000,D97C,40
1328,191900,1919,0,32,11032000,ED4B,40
1329,192000,1920,0,32,11032000,1AE5,40
1330,192100,1921,0,32,11032000,05C0,40
1331,192200,1922,0,32,11032000,A044,40
1332,192300,1923,0,32,11032000,7D17,40
1333,192400,1924,0,32,11032000,E950,40
1334,192500,1925,0,32,11032000,7E98,40
1335,192600,1926,0,32,11032000,089A,40
1336,192700,1927,0,32,11032000,4D7B,40
1337,192800,1928,0,32,11032000,0047,40
1338,192900,1929,0,32,11032000,8AE8,40
1339,193000,1930,0,32,11032000,4E83,40
1340,193100,1931,0,32,11032000,F6E3,40
1341,193200,1932,0,32,11032000,B0C6,40
1342,193300,1933,0,32,11032000,FB6B,40
1343,193400,1934,0,32,11032000,9C93,40
1344,193500,1935,0,32,11032000,C051,40
1345,193700,1937,0,32,11032000,A3C0,40
1346,193900,1939,0,32,11032000,5AD7,40
1347,194000,1940,0,32,11032000,9BFE,40
1348,194100,1941,0,32,11032000,B373,40
1349,194200,1942,0,32,11032000,FAF8,40
1350,194300,1943,0,32,11032000,FCB8,40
1351,194400,1944,0,32,11032000,9D92,40
1352,194500,1945,0,32,11032000,23E4,40
1353,194600,1946,0,32,11032000,5921,40
1354,194700,1947,0,32,11032000,FAD5,40
1355,194800,1948,0,32,11032000,F145,40
1356,194900,1949,0,32,11032000,A105,40
1357,195000,1950,1,32,4c20012000,110C,41
1358,195200,1952,1,32,4c20012000,BA45,41
1359,195400,1954,1,32,4c20012000,5335,41
1360,195600,1956,1,32,4c20012000,84CB,41
1361,195800,1958,1,32,4c20012000,BE7E,41
1362,196000,1960,1,32,4c20012000,5B1A,41
1363,196200,1962,1,32,4c20012000,B946,41
1364,196400,1964,1,32,4c20012000,6619,41
1365,196600,1966,1,32,4c20012000,45DA,41
1366,196900,1969,1,32,4c20012000,BECC,41
1367,197200,1972,1,32,4c20012000,030E,41
1368,197400,1974,1,32,4c20012000,D1DD,41
1369,197600,1976,1,32,4c20012000,11B0,41
1370,197800,1978,1,32,4c20012000,59B8,41
1371,198000,1980,1,32,4c20012000,27EA,41
1372,198200,1982,1,32,4c20012000,0661,41
1373,198400,1984,1,32,4c20012000,2515,41
1374,198600,1986,1,32,4c20012000,B595,41
1375,198800,1988,1,32,4c20012000,4E1F,41
1376,199000,1990,1,32,4c20012000,FD62,41
1377,199200,1992,1,32,4c20012000,67D3,41
1378,199400,1994,1,32,4c20012000,D682,41
1379,199600,1996,1,32,4c20012000,A006,41
1380,199800,1998,1,32,4c20012000,1A36,41
1381,200000,2000,0,32,11032000,F0C5,40
1382,200100,2001,0,32,11032000,9745,40
1383,200200,2002,0,32,11032000,F4D0,40
1384,200300,2003,0,32,11032000,5229,40
1385,200400,2004,0,32,11032000,FE4F,40
1386,200500,2005,0,32,11032000,5141,40
1387,200600,2006,0,32,11032000,A29A,40
1388,200700,2007,0,32,11032000,BE25,40
1389,200800,2008,0,32,11032000,5622,40
1390,200900,2009,0,32,11032000,C77C,40
1391,201000,2010,0,32,11032000,0ECC,40
1392,201100,2011,0,32,11032000,8A2F,40
1393,201200,2012,0,32,11032000,1696,40
1394,201300,2013,0,32,11032000,B821,40
1395,201400,2014,0,32,11032000,23DE,40
1396,201500,2015,0,32,11032000,C352,40
1397,201600,2016,0,32,11032000,5761,40
1398,201700,2017,0,32,11032000,EB57,40
1399,201800,2018,0,32,11032000,28AE,40
1400,201900,2019,0,32,11032000,CB7C,40
1401,202000,2020,0,32,11032000,DBA5,40
1402,202100,2021,0,32,11032000,3878,40
1403,202200,2022,0,32,11032000,12A0,40
1404,202300,2023,0,32,11032000,5824,40
1405,202400,2024,0,32,11032000,DAA7,40
1406,202500,2025,0,32,11032000,E4FA,40
1407,202600,2026,0,32,11032000,EF16,40
1408,202700,2027,0,32,11032000,3AD4,40
1409,202800,2028,0,32,11032000,82FC,40
1410,202900,2029,0,32,11032000,80AE,40
1411,203000,2030,0,32,11032000,C3FD,40
1412,203100,2031,0,32,11032000,EE34,40
1413,203200,2032,0,32,11032000,F325,40
1414,203300,2033,0,32,11032000,123D,40
1415,203400,2034,0,32,11032000,234A,40
1416,203500,2035,0,32,11032000,3552,40
1417,203600,2036,0,32,11032000,9C7E,40
1418,203700,2037,0,32,11032000,2FFA,40
1419,203800,2038,0,32,11032000,22CE,40
1420,203900,2039,0,32,11032000,E8BA,40
1421,204000,2040,0,32,11032000,CFD8,40
1422,204200,2042,0,32,11032000,7F7B,40
1423,204300,2043,0,32,11032000,5182,40
1424,204400,2044,0,32,11032000,340A,40
1425,204600,2046,0,32,11032000,566B,40
1426,204700,2047,0,32,11032000,8314,40
1427,204800,2048,0,32,11032000,80F1,40
1428,205000,2050,1,32,4c20012000,5448,41
1429,205300,2053,1,32,4c20012000,9179,41
1430,205500,2055,1,32,4c20012000,D18B,41
1431,205700,2057,1,32,4c20012000,C0A7,41
1432,205900,2059,1,32,4c20012000,324A,41
1433,206100,2061,1,32,4c20012000,2E33,41
1434,206300,2063,1,32,4c20012000,77B9,41
1435,206500,2065,1,32,4c20012000,CC0F,41
1436,206700,2067,1,32,4c20012000,4D24,41
1437,206900,2069,1,32,4c20012000,26A3,41
1438,207100,2071,1,32,4c20012000,86F3,41
1439,207300,2073,1,32,4c20012000,33A9,41
1440,207500,2075,1,32,4c20012000,409C,41
1441,207700,2077,1,32,4c20012000,8C8B,41
1442,207900,2079,1,32,4c20012000,5786,41
1443,208200,2082,1,32,4c20012000,110D,41
1444,208400,2084,1,32,4c20012000,EDC4,41
1445,208600,2086,1,32,4c20012000,04F8,41
1446,208800,2088,1,32,4c20012000,642F,41
1447,209100,2091,1,32,4c20012000,D6B8,41
1448,209300,2093,1,32,4c20012000,E8CD,41
1449,209500,2095,1,32,4c20012000,3CF9,41
1450,209800,2098,1,32,4c20012000,5626,41
1451,210100,2101,0,32,11032000,64F3,40
1452,210200,2102,0,32,11032000,93CD,40
1453,210300,2103,0,32,11032000,261E,40
1454,210400,2104,0,32,11032000,138B,40
1455,210500,2105,0,32,11032000,6DEB,40
1456,210600,2106,0,32,11032000,653C,40
1457,210700,2107,0,32,11032000,89A3,40
1458,210800,2108,0,32,11032000,83C1,40
1459,210900,2109,0,32,11032000,F5DC,40
1460,211000,2110,0,32,11032000,7682,40
1461,211100,2111,0,32,11032000,1FA9,40
1462,211200,2112,0,32,11032000,52C4,40
1463,211300,2113,0,32,11032000,8FFF,40
1464,211400,2114,0,32,11032000,FD64,40
1465,211500,2115,0,32,11032000,92B8,40
1466,211600,2116,0,32,11032000,EBB6,40
1467,211700,2117,0,32,11032000,6194,40
1468,211800,2118,0,32,11032000,E3E4,40
1469,211900,2119,0,32,11032000,4507,40
1470,212000,2120,0,32,11032000,F0F5,40
1471,212100,2121,0,32,11032000,B258,40
1472,212200,2122,0,32,11032000,83B1,40
1473,212300,2123,0,32,11032000,F342,40
1474,212400,2124,0,32,11032000,08B5,40
1475,212500,2125,0,32,11032000,9651,40
1476,212600,2126,0,32,11032000,E6AB,40
1477,212700,2127,0,32,11032000,AFC1,40
1478,212800,2128,0,32,11032000,970C,40
1479,212900,2129,0,32,11032000,0262,40
1480,213000,2130,0,32,11032000,6084,40
1481,213100,2131,0,32,11032000,46D8,40
1482,213200,2132,0,32,11032000,2D8A,40
1483,213300,2133,0,32,11032000,6AA6,40
1484,213400,2134,0,32,11032000,A548,40
1485,213500,2135,0,32,11032000,C51F,40
1486,213600,2136,0,32,11032000,C74C,40
1487,213700,2137,0,32,11032000,6FFC,40
1488,213800,2138,0,32,11032000,69BF,40
1489,213900,2139,0,32,11032000,1CC3,40
1490,214000,2140,0,32,11032000,098A,40
1491,214100,2141,0,32,11032000,166D,40
1492,214200,2142,0,32,11032000,10C5,40
1493,214300,2143,0,32,11032000,10C0,40
1494,214400,2144,0,32,11032000,B424,40
1495,214500,2145,0,32,11032000,5060,40
1496,214600,2146,0,32,11032000,875F,40
1497,214700,2147,0,32,11032000,F0EF,40
1498,214800,2148,0,32,11032000,C1BC,40
1499,214900,2149,0,32,11032000,C5F7,40
1500,215000,2150,1,32,4c20012000,01CF,41
1501,215200,2152,1,32,4c20012000,24C2,41
1502,215600,2156,1,32,4c20012000,9C8F,41
1503,215800,2158,1,32,4c20012000,F770,41
1504,216000,2160,1,32,4c20012000,6850,41
1505,216200,2162,1,32,4c20012000,E032,41
1506,216400,2164,1,32,4c20012000,5FE3,41
1507,216600,2166,1,32,4c20012000,0FC0,41
1508,216800,2168,1,32,4c20012000,0F01,41
1509,217000,2170,1,32,4c20012000,3672,41
1510,217200,2172,1,32,4c20012000,6464,41
1511,217400,2174,1,32,4c20012000,3E54,41
1512,217600,2176,1,32,4c20012000,7BF5,41
1513,217800,2178,1,32,4c20012000,20A4,41
1514,218000,2180,1,32,4c20012000,2B03,41
1515,218200,2182,1,32,4c20012000,3B03,41
1516,218400,2184,1,32,4c20012000,DFB4,41
1517,218600,2186,1,32,4c20012000,2DDA,41
1518,218800,2188,1,32,4c20012000,213E,41
1519,219000,2190,1,32,4c20012000,96CD,41
1520,219200,2192,1,32,4c20012000,C46F,41
1521,219400,2194,1,32,4c20012000,24BA,41
1522,219600,2196,1,32,4c20012000,69E4,41
1523,219900,2199,1,32,4c20012000,E7C3,41
1524,220100,2201,0,32,11032000,7616,40
1525,220200,2202,0,32,11032000,89A0,40
1526,220300,2203,0,32,11032000,400A,40
1527,220400,2204,0,32,11032000,EC96,40
1528,220500,2205,0,32,11032000,F30E,40
1529,220600,2206,0,32,11032000,EBAD,40
1530,220700,2207,0,32,11032000,F162,40
1531,220800,2208,0,32,11032000,C4B8,40
1532,220900,2209,0,32,11032000,F8DF,40
1533,221000,2210,0,32,11032000,337D,40
1534,221100,2211,0,32,11032000,1F55,40
1535,221200,2212,0,32,11032000,C6B0,40
1536,221300,2213,0,32,11032000,A3F6,40
1537,221400,2214,0,32,11032000,1D54,40
1538,221500,2215,0,32,11032000,F1E2,40
1539,221600,2216,0,32,11032000,0AF5,40
1540,221700,2217,0,32,11032000,60CC,40
1541,221800,2218,0,32,11032000,696A,40
1542,221900,2219,0,32,11032000,C1EE,40
1543,222000,2220,0,32,11032000,19AF,40
1544,222100,2221,0,32,11032000,EB60,40
1545,222200,2222,0,32,11032000,099F,40
1546,222300,2223,0,32,11032000,054A,40
1547,222500,2225,0,32,11032000,3220,40
1548,222600,2226,0,32,11032000,CEAA,40
1549,222700,2227,0,32,11032000,ADAF,40
1550,222800,2228,0,32,11032000,8845,40
1551,222900,2229,0,32,11032000,BC63,40
1552,223000,2230,0,32,11032000,753F,40
1553,223100,2231,0,32,11032000,6F01,40
1554,223200,2232,0,32,11032000,AB98,40
1555,223300,2233,0,32,11032000,ABC9,40
1556,223400,2234,0,32,11032000,A84C,40
1557,223500,2235,0,32,11032000,FA05,40
1558,223600,2236,0,32,11032000,CC7A,40
1559,223700,2237,0,32,11032000,BB39,40
1560,223900,2239,0,32,11032000,61D4,40
1561,224000,2240,0,32,11032000,2000,40
1562,224100,2241,0,32,11032000,8E21,40
1563,224200,2242,0,32,11032000,34E1,40
1564,224300,2243,0,32,11032000,0445,40
1565,224400,2244,0,32,11032000,3F4C,40
1566,224500,2245,0,32,11032000,FAC3,40
1567,224600,2246,0,32,11032000,C59A,40
1568,224700,2247,0,32,11032000,0C65,40
1569,224800,2248,0,32,11032000,96FA,40
1570,224900,2249,0,32,11032000,9A6F,40
1571,225000,2250,1,32,4c20012000,EBAE,41
1572,225200,2252,1,32,4c20012000,47F6,41
1573,225400,2254,1,32,4c20012000,6B91,41
1574,225600,2256,1,32,4c20012000,BCE7,41
1575,225800,2258,1,32,4c20012000,81FF,41
1576,226000,2260,1,32,4c20012000,734E,41
1577,226200,2262,1,32,4c20012000,E284,41
1578,226400,2264,1,32,4c20012000,B9F2,41
1579,226600,2266,1,32,4c20012000,3B42,41
1580,226800,2268,1,32,4c20012000,CB79,41
1581,227000,2270,1,32,4c20012000,F08F,41
1582,227200,2272,1,32,4c20012000,ECA9,41
1583,227400,2274,1,32,4c20012000,51B8,41
1584,227600,2276,1,32,4c20012000,2E84,41
1585,227800,2278,1,32,4c20012000,7411,41
1586,228000,2280,1,32,4c20012000,7435,41
1587,228200,2282,1,32,4c20012000,8218,41
1588,228400,2284,1,32,4c20012000,EF30,41
1589,228600,2286,1,32,4c20012000,B14B,41
1590,228800,2288,1,32,4c20012000,A3CF,41
1591,229000,2290,1,32,4c20012000,EBB5,41
1592,229200,2292,1,32,4c20012000,6A57,41
1593,229400,2294,1,32,4c20012000,C767,41
1594,229600,2296,1,32,4c20012000,FA34,41
1595,229800,2298,1,32,4c20012000,E2D6,41
1596,230000,2300,0,32,11032000,F1AE,40
1597,230100,2301,0,32,11032000,2BB4,40
1598,230200,2302,0,32,11032000,3EA3,40
1599,230300,2303,0,32,11032000,9073,40
1600,230400,2304,0,32,11032000,0272,40
1601,230500,2305,0,32,11032000,E95C,40
1602,230600,2306,0,32,11032000,7B05,40
1603,230700,2307,0,32,11032000,E2EC,40
1604,230800,2308,0,32,11032000,4312,40
1605,230900,2309,0,32,11032000,1A82,40
1606,231000,2310,0,32,11032000,59BB,40
1607,231100,2311,0,32,11032000,868B,40
1608,231200,2312,0,32,11032000,CAB2,40
1609,231300,2313,0,32,11032000,6C25,40
1610,231400,2314,0,32,11032000,D865,40
1611,231500,2315,0,32,11032000,AA44,40
1612,231600,2316,0,32,11032000,6970,40
1613,231700,2317,0,32,11032000,23C3,40
1614,231800,2318,0,32,11032000,D7D4,40
1615,231900,2319,0,32,11032000,1879,40
1616,232000,2320,0,32,11032000,8ED4,40
1617,232100,2321,0,32,11032000,3412,40
1618,232300,2323,0,32,11032000,D987,40
1619,232400,2324,0,32,11032000,E788,40
1620,232500,2325,0,32,11032000,E7C4,40
1621,232600,2326,0,32,11032000,5828,40
1622,232700,2327,0,32,11032000,8E8E,40
1623,232800,2328,0,32,11032000,43B4,40
1624,232900,2329,0,32,11032000,12F9,40
1625,233000,2330,0,32,11032000,9287,40
1626,233100,2331,0,32,11032000,7A5D,40
1627,233200,2332,0,32,11032000,8D58,40
1628,233300,2333,0,32,11032000,AEB5,40
1629,233500,2335,0,32,11032000,37F8,40
1630,233600,2336,0,32,11032000,50C7,40
1631,233700,2337,0,32,11032000,1529,40
1632,233800,2338,0,32,11032000,5942,40
1633,233900,2339,0,32,11032000,A5C6,40
1634,234000,2340,0,32,11032000,02AE,40
1635,234100,2341,0,32,11032000,3014,40
1636,234200,2342,0,32,11032000,BC3A,40
1637,234400,2344,0,32,11032000,08AA,40
1638,234500,2345,0,32,11032000,126A,40
1639,234600,2346,0,32,11032000,FFA0,40
1640,234700,2347,0,32,11032000,B09C,40
1641,234800,2348,0,32,11032000,3A31,40
1642,234900,2349,0,32,11032000,F0BD,40
1643,235000,2350,1,32,4c20012000,5FD8,41
1644,235200,2352,1,32,4c20012000,1D79,41
1645,235400,2354,1,32,4c20012000,A011,41
1646,235600,2356,1,32,4c20012000,55E7,41
1647,235800,2358,1,32,4c20012000,5B5E,41
1648,236000,2360,1,32,4c20012000,937A,41
1649,236200,2362,1,32,4c20012000,57B3,41
1650,236400,2364,1,32,4c20012000,BBB9,41
1651,236700,2367,1,32,4c20012000,3801,41
1652,236900,2369,1,32,4c20012000,856C,41
1653,237100,2371,1,32,4c20012000,EF09,41
1654,237300,2373,1,32,4c20012000,8BCB,41
1655,237500,2375,1,32,4c20012000,E1C0,41
1656,237700,2377,1,32,4c20012000,B2E3,41
1657,238000,2380,1,32,4c20012000,F8C8,41
1658,238300,2383,1,32,4c20012000,3867,41
1659,238500,2385,1,32,4c20012000,6D6E,41
1660,238800,2388,1,32,4c20012000,7DCD,41
1661,239000,2390,1,32,4c20012000,1184,41
1662,239200,2392,1,32,4c20012000,3CDB,41
1663,239400,2394,1,32,4c20012000,8FE5,41
1664,239600,2396,1,32,4c20012000,223C,41
1665,239800,2398,1,32,4c20012000,9F1C,41
